index,type,name,resident,streamed,parentStack
1,string,,0,0,||assetlist
2,stringtable,gamedata/stats/zm/zm_statstable.csv,75284,0,|zone_source/core_mod.zone|csv
3,scriptparsetree,scripts/zm/_load.gsc,7405,0,|zone_source/core_mod.zone|csv
4,scriptparsetree,scripts/zm/_load.csc,7932,0,|zone_source/core_mod.zone|csv
5,material,mc/mtl_t7_camo_fear,21,0,|zone_source/core_mod.zone|csv
6,material,mc/mtl_t7_camo_wmd,20,0,|zone_source/core_mod.zone|csv
7,material,mc/mtl_t7_camo_contagious,27,0,|zone_source/core_mod.zone|csv
8,material,mc/mtl_wpn_t7_camo_red_anodized_hex,37,0,|zone_source/core_mod.zone|csv
9,material,mc/mtl_wpn_t7_camo_etching,28,0,|zone_source/core_mod.zone|csv
10,material,mc/mtl_wpn_t7_camo_gold,25,0,|zone_source/core_mod.zone|csv
11,material,mc/mtl_t7_camo_nuketown,25,0,|zone_source/core_mod.zone|csv
12,material,mc/mtl_t7_camo_snowblo,24,0,|zone_source/core_mod.zone|csv
13,material,mc/mtl_t7_camo_arctic,23,0,|zone_source/core_mod.zone|csv
14,material,mc/mtl_t7_camo_bliss,22,0,|zone_source/core_mod.zone|csv
15,material,mc/mtl_t7_camo_dante,22,0,|zone_source/core_mod.zone|csv
16,material,mc/mtl_t7_camo_integer,24,0,|zone_source/core_mod.zone|csv
17,material,mc/mtl_t7_camo_jungletek,26,0,|zone_source/core_mod.zone|csv
18,material,mc/mtl_t7_camo_heatstroke,27,0,|zone_source/core_mod.zone|csv
19,rawfile,mod.cfg,21,0,|zone_source/core_mod.zone|csv
20,rawfile,cp_mod.cfg,16,0,|zone_source/core_mod.zone|csv
21,rawfile,mp_mod.cfg,16,0,|zone_source/core_mod.zone|csv
22,rawfile,zm_mod.cfg,16,0,|zone_source/core_mod.zone|csv
23,rawfile,ui/t6/lobby/lobbymenubuttons.lua,24013,0,|zone_source/core_mod.zone|csv
24,keyvaluepairs,core_mod,1090,0,||assetlist
25,bgcache,core_mod,528,0,||assetlist
26,assetlist,,384,0,
