index,type,name,resident,streamed,parentStack
1,string,,0,0,||assetlist
2,scriptparsetree,scripts/zm/_zm_utility.gsc,80833,0,|zone_source/zm_mod.zone|csv
3,scriptparsetree,scripts/zm/helpers.gsc,2506,0,|zone_source/zm_mod.zone|csv
4,scriptparsetree,scripts/zm/map_splits.gsc,5752,0,|zone_source/zm_mod.zone|csv
5,scriptparsetree,scripts/zm/single_splits.gsc,9530,0,|zone_source/zm_mod.zone|csv
6,scriptparsetree,scripts/zm/timers.gsc,3340,0,|zone_source/zm_mod.zone|csv
7,scriptparsetree,scripts/zm/_load.gsc,7316,0,|zone_source/zm_mod.zone|csv
8,scriptparsetree,scripts/zm/_load.csc,7960,0,|zone_source/zm_mod.zone|csv
9,rawfile,dummy.cfg,12,0,|zone_source/zm_mod.zone|csv
10,keyvaluepairs,zm_mod,1114,0,||assetlist
11,bgcache,zm_mod,529,0,||assetlist
12,assetlist,,160,0,
