version,12,#Bump this value every time you update the stats table. If you add a new weapon entry, then add the new version number in the #table version column i.e. s18.,,,,,,,,,,,,,,,,,,
a0,b1,c2,d3,e4,f5,g6,h7,i8,j9,k10,l11,m12,n13,o14,p15,q16,r17,s18,t19,u20,
0,,weapon_pistol,WEAPON_NULL,weapon_null,,menu_mp_lobby_none_selected,,,,100,,-1,,100,,,,,,,
1,,weapon_pistol,WEAPON_PISTOL_STANDARD,pistol_standard,,t7_icon_weapon_pistol_standard,WEAPON_PISTOL_STANDARD_DESC,reflex reddot quickdraw steadyaim extbarrel fastreload,1,100,,-1,secondary,100,,,,,,,
2,,weapon_pistol,WEAPON_PISTOL_BURST,pistol_burst,,t7_icon_weapon_pistol_burst,WEAPON_PISTOL_BURST_DESC,reflex reddot quickdraw steadyaim extbarrel fastreload,2,8,,1,secondary,,,,1,,,,
3,,weapon_pistol,WEAPON_PISTOL_FULLAUTO,pistol_fullauto,,t7_icon_weapon_pistol_fullauto,WEAPON_PISTOL_FULLAUTO_DESC,reflex reddot quickdraw steadyaim extbarrel fastreload,3,21,,1,secondary,,,,1,,,,
4,,weapon_pistol,WEAPON_PISTOL_STANDARD_DW,pistol_standard_dw,,t7_icon_weapon_pistol_standard_dw,WEAPON_PISTOL_STANDARD_DW_DESC,damage extbarrel fastreload quickdraw reflex steadyaim suppressed,4,100,,-1,secondary,100,,,,,,,
5,,weapon_pistol,WEAPON_PISTOL_BURST_DW,pistol_burst_dw,,t7_icon_weapon_pistol_burst_dw,WEAPON_PISTOL_BURST_DW_DESC,damage extbarrel fastreload quickdraw reflex steadyaim suppressed,5,100,,-1,secondary,100,,,,,,,
6,,weapon_pistol,WEAPON_PISTOL_FULLAUTO_DW,pistol_fullauto_dw,,t7_icon_weapon_pistol_fullauto_dw,WEAPON_PISTOL_FULLAUTO_DW_DESC,damage extbarrel fastreload quickdraw reflex steadyaim suppressed,6,100,,-1,secondary,100,,,,,,,
8,,weapon_pistol,WEAPON_PISTOL_SHOTGUN,pistol_shotgun,,t7_icon_weapon_pistol_shotgun,WEAPON_PISTOL_SHOTGUN_DESC,reflex reddot quickdraw steadyaim fastreload extbarrel dw gmod6 gmod7,7,100,,-1,secondary,100,,,,4,,,
9,,weapon_pistol,WEAPON_PISTOL_SHOTGUN_DW,pistol_shotgun_dw,,t7_icon_weapon_pistol_shotgun_dw,WEAPON_PISTOL_SHOTGUN_DESC,gmod6 gmod7,8,100,,-1,secondary,100,,,,4,,,
10,,weapon_smg,WEAPON_SMG_STANDARD,smg_standard,,t7_icon_weapon_smg_standard,WEAPON_SMG_STANDARD_DESC,reflex dualoptic reddot holo acog quickdraw stalker steadyaim rf grip extbarrel fastreload,3,15,,1,primary,,,,1,,,,
11,,weapon_smg,WEAPON_SMG_BURST,smg_burst,,t7_icon_weapon_smg_burst,WEAPON_SMG_BURST_DESC,reflex dualoptic reddot holo acog quickdraw stalker steadyaim rf grip extbarrel fastreload,4,22,,1,primary,,,,1,,,,
12,,weapon_smg,WEAPON_SMG_FASTFIRE,smg_fastfire,,t7_icon_weapon_smg_fastfire,WEAPON_SMG_FASTFIRE_DESC,reflex dualoptic reddot holo acog quickdraw stalker steadyaim rf grip extbarrel fastreload,1,3,,1,primary,,,,1,,,,
13,,weapon_smg,WEAPON_SMG_LONGRANGE,smg_longrange,,t7_icon_weapon_smg_longrange,WEAPON_SMG_LONGRANGE_DESC,reflex dualoptic reddot holo acog quickdraw stalker steadyaim rf grip extbarrel fastreload,6,100,,-1,primary,100,,,,,,,
14,,weapon_smg,WEAPON_SMG_VERSATILE,smg_versatile,,t7_icon_weapon_smg_versatile,WEAPON_SMG_VERSATILE_DESC,reflex dualoptic reddot holo acog quickdraw stalker steadyaim rf grip extbarrel fastreload,2,7,,1,primary,,,,1,,,,
15,,weapon_smg,WEAPON_SMG_CAPACITY,smg_capacity,,t7_icon_weapon_smg_capacity,WEAPON_SMG_CAPACITY_DESC,reflex dualoptic reddot holo acog quickdraw stalker steadyaim rf grip extbarrel fastreload,5,28,,1,primary,,,,1,,,,
16,,weapon_smg,WEAPON_SMG_AK74U,smg_ak74u,,t7_icon_weapon_smg_ak74u,WEAPON_SMG_AK74U_DESC,reflex acog dualoptic holo reddot quickdraw grip stalker steadyaim fastreload extbarrel rf gmod6 gmod7,12,0,,-1,primary,,,,,9,,,
17,,weapon_smg,WEAPON_SMG_MP40,smg_mp40,,t7_icon_weapon_smg_capacity,WEAPON_SMG_MP40_DESC,reflex acog dualoptic holo reddot quickdraw grip stalker steadyaim fastreload extbarrel rf gmod6 gmod7,7,100,,-1,primary,100,,,,4,,,
20,,weapon_assault,WEAPON_AR_STANDARD,ar_standard,,t7_icon_weapon_ar_standard,WEAPON_AR_STANDARD_DESC,reflex ir dualoptic reddot holo acog quickdraw stalker steadyaim rf grip extbarrel fastreload,2,6,,1,primary,,,,1,,,,
21,,weapon_assault,WEAPON_AR_ACCURATE,ar_accurate,,t7_icon_weapon_ar_accurate,WEAPON_AR_ACCURATE_DESC,reflex ir dualoptic reddot holo acog quickdraw stalker steadyaim rf grip extbarrel fastreload,1,1,,1,primary,,,,1,,,,
22,,weapon_assault,WEAPON_AR_CQB,ar_cqb,,t7_icon_weapon_ar_cqb,WEAPON_AR_CQB_DESC,reflex ir dualoptic reddot holo acog quickdraw stalker steadyaim rf grip extbarrel fastreload,5,24,,1,primary,,,,1,,,,
23,,weapon_assault,WEAPON_AR_DAMAGE,ar_damage,,t7_icon_weapon_ar_damage,WEAPON_AR_DAMAGE_DESC,reflex ir dualoptic reddot holo acog quickdraw stalker steadyaim rf grip extbarrel fastreload,6,30,,1,primary,,,,1,,,,
24,,weapon_assault,WEAPON_AR_FASTBURST,ar_fastburst,,t7_icon_weapon_ar_fastburst,WEAPON_AR_FASTBURST_DESC,reflex ir dualoptic reddot holo acog quickdraw stalker steadyaim rf grip extbarrel fastreload,7,100,,-1,primary,100,,,,,,,
25,,weapon_assault,WEAPON_AR_LONGBURST,ar_longburst,,t7_icon_weapon_ar_longburst,WEAPON_AR_LONGBURST_DESC,reflex ir dualoptic reddot holo acog quickdraw stalker steadyaim rf grip extbarrel fastreload,3,16,,1,primary,,,,1,,,,
26,,weapon_assault,WEAPON_AR_MARKSMAN,ar_marksman,,t7_icon_weapon_ar_marksman,WEAPON_AR_MARKSMAN_DESC,reflex ir dualoptic reddot holo acog quickdraw stalker steadyaim rf grip extbarrel fastreload,4,19,,1,primary,,,,1,,,,
28,,weapon_assault,WEAPON_AR_GARAND,ar_garand,,t7_icon_weapon_ar_garand,WEAPON_AR_GARAND_DESC,reflex acog dualoptic holo ir reddot quickdraw grip damage stalker steadyaim fastreload extbarrel rf gmod6 gmod7,8,100,,-1,primary,100,,,,4,,,
30,,weapon_lmg,WEAPON_LMG_CQB,lmg_cqb,,t7_icon_weapon_lmg_cqb,WEAPON_LMG_CQB_DESC,reflex ir dualoptic reddot holo acog quickdraw stalker steadyaim rf grip fastreload,2,18,,1,primary,,,,1,,,,
31,,weapon_lmg,WEAPON_LMG_HEAVY,lmg_heavy,,t7_icon_weapon_lmg_heavy,WEAPON_LMG_HEAVY_DESC,reflex ir dualoptic reddot holo acog quickdraw stalker steadyaim rf grip fastreload,3,26,,1,primary,,,,1,,,,
32,,weapon_lmg,WEAPON_LMG_LIGHT,lmg_light,,t7_icon_weapon_lmg_light,WEAPON_LMG_LIGHT_DESC,reflex ir dualoptic reddot holo acog quickdraw stalker steadyaim rf grip fastreload,1,11,,1,primary,,,,1,,,,
33,,weapon_lmg,WEAPON_LMG_SLOWFIRE,lmg_slowfire,,t7_icon_weapon_lmg_slowfire,WEAPON_LMG_SLOWFIRE_DESC,reflex ir dualoptic reddot holo acog quickdraw stalker steadyaim rf grip fastreload,4,30,,1,primary,,,,1,,,,
40,,weapon_sniper,WEAPON_SNIPER_FASTBOLT,sniper_fastbolt,,t7_icon_weapon_sniper_fastbolt,WEAPON_SNIPER_FASTBOLT_DESC,reddot ir dualoptic acog swayreduc stalker rf fastreload,1,10,,1,primary,,,,1,,,,
41,,weapon_sniper,WEAPON_SNIPER_FASTSEMI,sniper_fastsemi,,t7_icon_weapon_sniper_fastsemi,WEAPON_SNIPER_FASTSEMI_DESC,reddot ir dualoptic acog swayreduc stalker rf fastreload,2,13,,1,primary,,,,1,,,,
42,,weapon_sniper,WEAPON_SNIPER_POWERBOLT,sniper_powerbolt,,t7_icon_weapon_sniper_powerbolt,WEAPON_SNIPER_POWERBOLT_DESC,reddot ir dualoptic acog swayreduc stalker rf fastreload,3,23,,1,primary,,,,1,,,,
43,,weapon_sniper,WEAPON_SNIPER_CHARGESHOT,sniper_chargeshot,,t7_icon_weapon_sniper_chargeshot,WEAPON_SNIPER_CHARGESHOT_DESC,reddot ir dualoptic acog swayreduc stalker rf fastreload,4,100,,-1,primary,100,,,,,,,
48,,weapon_pistol,WEAPON_PISTOL_M1911,pistol_m1911,,t7_icon_weapon_pistol_m1911,WEAPON_PISTOL_M1911_DESC,reflex reddot quickdraw steadyaim damage fastreload extbarrel dw gmod6 gmod7,6,0,,-1,primary,,,,,9,,,
50,,weapon_cqb,WEAPON_SHOTGUN_FULLAUTO,shotgun_fullauto,,t7_icon_weapon_shotgun_fullauto,WEAPON_SHOTGUN_FULLAUTO_DESC,reflex reddot holo quickdraw stalker steadyaim rf extbarrel fastreload,4,32,,1,primary,,,,1,,,,
51,,weapon_cqb,WEAPON_SHOTGUN_PRECISION,shotgun_precision,,t7_icon_weapon_shotgun_precision,WEAPON_SHOTGUN_PRECISION_DESC,reflex reddot holo quickdraw stalker steadyaim rf extbarrel fastreload,2,12,,1,primary,,,,1,,,,
52,,weapon_cqb,WEAPON_SHOTGUN_PUMP,shotgun_pump,,t7_icon_weapon_shotgun_pump,WEAPON_SHOTGUN_PUMP_DESC,reflex reddot holo quickdraw stalker steadyaim rf extbarrel fastreload,1,4,,1,primary,,,,1,,,,
53,,weapon_cqb,WEAPON_SHOTGUN_SEMIAUTO,shotgun_semiauto,,t7_icon_weapon_shotgun_semiauto,WEAPON_SHOTGUN_SEMIAUTO_DESC,reflex reddot holo quickdraw stalker steadyaim rf extbarrel fastreload,3,17,,1,primary,,,,1,,,,
58,,weapon_launcher,WEAPON_LAUNCHER_STANDARD,launcher_standard,1,t7_icon_weapon_launcher_standard,WEAPON_LAUNCHER_STANDARD_ZM_DESC,,7,27,,1,secondary,,,,1,,,,
59,,weapon_launcher,WEAPON_LAUNCHER_LOCKONLY,launcher_lockonly,1,t7_icon_weapon_launcher_lockonly,WEAPON_LAUNCHER_LOCKONLY_DESC,,8,100,,-1,secondary,100,,,,,,,
70,,weapon_pistol,WEAPON_PISTOL_REVOLVER38,pistol_revolver38,1,t7_icon_weapon_pistol_revolver38,WEAPON_PISTOL_REVOLVER38_DESC,,1,100,,-1,secondary,100,,,,,,,
71,,weapon_smg,WEAPON_SMG_STEN,smg_sten,1,t7_icon_weapon_smg_sten,WEAPON_SMG_STEN_DESC,,2,100,,-1,primary,100,,,,,,,
72,,weapon_special,WEAPON_HERO_GRAVITYSPIKES,hero_gravityspikes_melee,,t7_icon_weapon_hero_mercenary_pu,WEAPON_HERO_GRAVITYSPIKES,,,,,-1,primary,,,,,3,,,
73,,weapon_smg,WEAPON_SMG_PPSH,smg_ppsh,,t7_icon_weapon_smg_ppsh,WEAPON_SMG_PPSH,reflex acog dualoptic holo reddot quickdraw grip stalker steadyaim fastreload extbarrel rf gmod6 gmod7,,100,,-1,primary,100,,,,4,,,
74,,weapon_special,WEAPON_SKULL_GUN,skull_gun,,menu_mp_weapons_dg2,WEAPON_SKULL_GUN,,1,100,,-1,primary,100,,,,4,,,
98,,weapon_special,WEAPON_TESLA_GUN,tesla_gun,,menu_mp_weapons_dg2,WEAPON_TESLA_GUN,,,,,-1,primary,,,,,,,,
99,,weapon_knife,WEAPON_KNIFE_LOADOUT,knife_loadout,1,t7_icon_weapon_special_knife,WEAPON_KNIFE_LOADOUT_DESC,,1,100,,-1,secondary,100,,,1,,,,
100,,weapon_knife,WEAPON_BOWIE,bowie_knife,,t7_icon_weapon_special_bowie,WEAPON_BOWIE_DESC,,1,0,,1,secondary,,,,,,,,
a0,b1,c2,d3,e4,f5,g6,h7,i8,j9,k10,l11,m12,n13,o14,p15,q16,r17,s18,t19,u20,
101,,weapon_pistol,WEAPON_PISTOL_STANDARD,pistol_standard_upgraded,,t7_icon_weapon_pistol_standard,WEAPON_PISTOL_STANDARD_DESC,reflex reddot quickdraw steadyaim extbarrel fastreload fmj,101,100,,-1,secondary,100,,,,,,,
102,,weapon_pistol,WEAPON_PISTOL_BURST,pistol_burst_upgraded,,t7_icon_weapon_pistol_burst,WEAPON_PISTOL_BURST_DESC,reflex reddot quickdraw steadyaim extbarrel fastreload fmj,102,100,,-1,secondary,100,,,,,,,
103,,weapon_pistol,WEAPON_PISTOL_FULLAUTO,pistol_fullauto_upgraded,,t7_icon_weapon_pistol_fullauto,WEAPON_PISTOL_FULLAUTO_DESC,reflex reddot quickdraw steadyaim extbarrel fastreload fmj,103,100,,-1,secondary,100,,,,,,,
107,,weapon_pistol,WEAPON_PISTOL_SHOTGUN,pistol_shotgun_upgraded,,t7_icon_weapon_pistol_shotgun,WEAPON_PISTOL_SHOTGUN_DESC,reflex reddot quickdraw steadyaim fastreload extbarrel dw gmod6 gmod7,107,100,,-1,secondary,100,,,,4,,,
108,,weapon_pistol,WEAPON_PISTOL_SHOTGUN_DW,pistol_shotgun_dw_upgraded,,t7_icon_weapon_pistol_shotgun_dw,WEAPON_PISTOL_SHOTGUN_DESC,gmod6 gmod7,108,100,,-1,secondary,100,,,,4,,,
110,,weapon_smg,WEAPON_SMG_STANDARD,smg_standard_upgraded,,t7_icon_weapon_smg_standard,WEAPON_SMG_STANDARD_DESC,reflex dualoptic reddot holo acog quickdraw stalker steadyaim rf grip extbarrel fastreload fmj,110,100,,-1,primary,100,,,,,,,
111,,weapon_smg,WEAPON_SMG_BURST,smg_burst_upgraded,,t7_icon_weapon_smg_burst,WEAPON_SMG_BURST_DESC,reflex dualoptic reddot holo acog quickdraw stalker steadyaim rf grip extbarrel fastreload fmj,111,100,,-1,primary,100,,,,,,,
112,,weapon_smg,WEAPON_SMG_FASTFIRE,smg_fastfire_upgraded,,t7_icon_weapon_smg_fastfire,WEAPON_SMG_FASTFIRE_DESC,reflex dualoptic reddot holo acog quickdraw stalker steadyaim rf grip extbarrel fastreload fmj,112,100,,-1,primary,100,,,,,,,
113,,weapon_smg,WEAPON_SMG_LONGRANGE,smg_longrange_upgraded,,t7_icon_weapon_smg_longrange,WEAPON_SMG_LONGRANGE_DESC,reflex dualoptic reddot holo acog quickdraw stalker steadyaim rf grip extbarrel fastreload fmj,113,100,,-1,primary,100,,,,,,,
114,,weapon_smg,WEAPON_SMG_VERSATILE,smg_versatile_upgraded,,t7_icon_weapon_smg_versatile,WEAPON_SMG_VERSATILE_DESC,reflex dualoptic reddot holo acog quickdraw stalker steadyaim rf grip extbarrel fastreload fmj,114,100,,-1,primary,100,,,,,,,
115,,weapon_smg,WEAPON_SMG_CAPACITY,smg_capacity_upgraded,,t7_icon_weapon_smg_capacity,WEAPON_SMG_CAPACITY_DESC,reflex dualoptic reddot holo acog quickdraw stalker steadyaim rf grip extbarrel fastreload fmj,115,100,,-1,primary,100,,,,,,,
116,,weapon_smg,WEAPON_SMG_AK74U,smg_ak74u_upgraded,,t7_icon_weapon_smg_ak74u,WEAPON_SMG_AK74U_DESC,reflex acog dualoptic holo reddot quickdraw grip stalker steadyaim fastreload extbarrel rf gmod6 gmod7,12,0,,-1,primary,,,,,9,,,
117,,weapon_smg,WEAPON_SMG_MP40,smg_mp40_upgraded,,t7_icon_weapon_smg_capacity,WEAPON_SMG_MP40_DESC,reflex acog dualoptic holo reddot quickdraw grip stalker steadyaim fastreload extbarrel rf gmod6 gmod7,116,100,,-1,primary,100,,,,4,,,
120,,weapon_assault,WEAPON_AR_STANDARD,ar_standard_upgraded,,t7_icon_weapon_ar_standard,WEAPON_AR_STANDARD_DESC,reflex ir dualoptic reddot holo acog quickdraw stalker steadyaim rf grip extbarrel fastreload fmj,120,100,,-1,primary,100,,,,,,,
121,,weapon_assault,WEAPON_AR_ACCURATE,ar_accurate_upgraded,,t7_icon_weapon_ar_standard,WEAPON_AR_ACCURATE_DESC,reflex ir dualoptic reddot holo acog quickdraw stalker steadyaim rf grip extbarrel fastreload fmj,121,100,,-1,primary,100,,,,,,,
122,,weapon_assault,WEAPON_AR_CQB,ar_cqb_upgraded,,t7_icon_weapon_ar_standard,WEAPON_AR_CQB_DESC,reflex ir dualoptic reddot holo acog quickdraw stalker steadyaim rf grip extbarrel fastreload fmj,122,100,,-1,primary,100,,,,,,,
123,,weapon_assault,WEAPON_AR_DAMAGE,ar_damage_upgraded,,t7_icon_weapon_ar_damage,WEAPON_AR_DAMAGE_DESC,reflex ir dualoptic reddot holo acog quickdraw stalker steadyaim rf grip extbarrel fastreload fmj,123,100,,-1,primary,100,,,,,,,
124,,weapon_assault,WEAPON_AR_FASTBURST,ar_fastburst_upgraded,,t7_icon_weapon_ar_fastburst,WEAPON_AR_FASTBURST_DESC,reflex ir dualoptic reddot holo acog quickdraw stalker steadyaim rf grip extbarrel fastreload fmj,124,100,,-1,primary,100,,,,,,,
125,,weapon_assault,WEAPON_AR_LONGBURST,ar_longburst_upgraded,,t7_icon_weapon_ar_longburst,WEAPON_AR_LONGBURST_DESC,reflex ir dualoptic reddot holo acog quickdraw stalker steadyaim rf grip extbarrel fastreload fmj,125,100,,-1,primary,100,,,,,,,
126,,weapon_assault,WEAPON_AR_MARKSMAN,ar_marksman_upgraded,,t7_icon_weapon_ar_marksman,WEAPON_AR_MARKSMAN_DESC,reflex ir dualoptic reddot holo acog quickdraw stalker steadyaim rf grip extbarrel fastreload fmj,126,100,,-1,primary,100,,,,,,,
127,,weapon_assault,WEAPON_AR_GARAND,ar_garand_upgraded,,t7_icon_weapon_ar_garand,WEAPON_AR_GARAND_DESC,reflex acog dualoptic holo ir reddot quickdraw grip damage stalker steadyaim fastreload extbarrel rf gmod6 gmod7,127,100,,-1,primary,100,,,,4,,,
128,,weapon_lmg,WEAPON_LMG_RPK,lmg_rpk,,t7_icon_weapon_lmg_rpk,WEAPON_LMG_RPK_DESC,reflex acog dualoptic holo ir reddot quickdraw grip stalker steadyaim fastreload rf gmod6 gmod7,6,0,,-1,primary,,,,,10,,,
129,,weapon_assault,WEAPON_AR_M14,ar_m14,,t7_icon_weapon_ar_m14,WEAPON_AR_M14_DESC,reflex acog dualoptic holo ir reddot quickdraw grip damage stalker steadyaim fastreload extbarrel rf gmod6 gmod7,16,0,,-1,primary,,,,,11,,,
130,,weapon_lmg,WEAPON_LMG_CQB,lmg_cqb_upgraded,,t7_icon_weapon_lmg_cqb,WEAPON_LMG_CQB_DESC,reflex ir dualoptic reddot holo acog quickdraw stalker steadyaim rf grip fastreload fmj,130,100,,-1,primary,100,,,,,,,
131,,weapon_lmg,WEAPON_LMG_HEAVY,lmg_heavy_upgraded,,t7_icon_weapon_lmg_heavy,WEAPON_LMG_HEAVY_DESC,reflex ir dualoptic reddot holo acog quickdraw stalker steadyaim rf grip fastreload fmj,131,100,,-1,primary,100,,,,,,,
132,,weapon_lmg,WEAPON_LMG_LIGHT,lmg_light_upgraded,,t7_icon_weapon_lmg_light,WEAPON_LMG_LIGHT_DESC,reflex ir dualoptic reddot holo acog quickdraw stalker steadyaim rf grip fastreload fmj,132,100,,-1,primary,100,,,,,,,
133,,weapon_lmg,WEAPON_LMG_SLOWFIRE,lmg_slowfire_upgraded,,t7_icon_weapon_lmg_slowfire,WEAPON_LMG_SLOWFIRE_DESC,reflex ir dualoptic reddot holo acog quickdraw stalker steadyaim rf grip fastreload fmj,133,100,,-1,primary,100,,,,,,,
140,,weapon_sniper,WEAPON_SNIPER_FASTBOLT,sniper_fastbolt_upgraded,,t7_icon_weapon_sniper_fastbolt,WEAPON_SNIPER_FASTBOLT_DESC,reddot ir dualoptic acog swayreduc stalker rf fastreload fmj,140,100,,-1,primary,100,,,,,,,
141,,weapon_sniper,WEAPON_SNIPER_FASTSEMI,sniper_fastsemi_upgraded,,t7_icon_weapon_sniper_fastsemi,WEAPON_SNIPER_FASTSEMI_DESC,reddot ir dualoptic acog swayreduc stalker rf fastreload fmj,141,100,,-1,primary,100,,,,,,,
142,,weapon_sniper,WEAPON_SNIPER_POWERBOLT,sniper_powerbolt_upgraded,,t7_icon_weapon_sniper_fastbolt,WEAPON_SNIPER_POWERBOLT_DESC,reddot ir dualoptic acog swayreduc stalker rf fastreload fmj,142,100,,-1,primary,100,,,,,,,
143,,weapon_sniper,WEAPON_SNIPER_CHARGESHOT,sniper_chargeshot_upgraded,,t7_icon_weapon_sniper_chargeshot,WEAPON_SNIPER_CHARGESHOT_DESC,reddot ir dualoptic acog swayreduc stalker rf fastreload fmj,143,100,,-1,primary,100,,,,,,,
148,,weapon_pistol,WEAPON_PISTOL_M1911,pistol_m1911_upgraded,,t7_icon_weapon_pistol_m1911,WEAPON_PISTOL_M1911_DESC,reflex reddot quickdraw steadyaim damage fastreload extbarrel dw gmod6 gmod7,6,0,,-1,primary,,,,,9,,,
150,,weapon_cqb,WEAPON_SHOTGUN_FULLAUTO,shotgun_fullauto_upgraded,,t7_icon_weapon_shotgun_fullauto,WEAPON_SHOTGUN_FULLAUTO_DESC,reflex reddot holo quickdraw stalker steadyaim rf extbarrel fastreload extclip,150,100,,-1,primary,100,,,,,,,
151,,weapon_cqb,WEAPON_SHOTGUN_PRECISION,shotgun_precision_upgraded,,t7_icon_weapon_shotgun_precision,WEAPON_SHOTGUN_PRECISION_DESC,reflex reddot holo quickdraw stalker steadyaim rf extbarrel fastreload extclip,151,100,,-1,primary,100,,,,,,,
152,,weapon_cqb,WEAPON_SHOTGUN_PUMP,shotgun_pump_upgraded,,t7_icon_weapon_shotgun_pump,WEAPON_SHOTGUN_PUMP_DESC,reflex reddot holo quickdraw stalker steadyaim rf extbarrel fastreload extclip,152,100,,-1,primary,100,,,,,,,
153,,weapon_cqb,WEAPON_SHOTGUN_SEMIAUTO,shotgun_semiauto_upgraded,,t7_icon_weapon_shotgun_semiauto,WEAPON_SHOTGUN_SEMIAUTO_DESC,reflex reddot holo quickdraw stalker steadyaim rf extbarrel fastreload extclip,153,100,,-1,primary,100,,,,,,,
158,,weapon_launcher,WEAPON_LAUNCHER_STANDARD,launcher_standard_upgraded,1,t7_icon_weapon_launcher_standard,WEAPON_LAUNCHER_STANDARD_DESC,,158,100,,-1,secondary,100,,,,,,,
159,,weapon_launcher,WEAPON_LAUNCHER_LOCKONLY,launcher_lockonly_upgraded,1,t7_icon_weapon_launcher_standard,WEAPON_LAUNCHER_STANDARD_DESC,,159,100,,-1,secondary,100,,,,,,,
170,,weapon_pistol,WEAPON_PISTOL_REVOLVER38,pistol_revolver38_upgraded,1,t7_icon_weapon_pistol_revolver38,WEAPON_PISTOL_REVOLVER38_DESC,,170,100,,-1,secondary,100,,,,,,,
171,,weapon_smg,WEAPON_SMG_STEN,smg_sten_upgraded,1,t7_icon_weapon_smg_sten,WEAPON_SMG_STEN_DESC,,171,100,,-1,primary,100,,,,,,,
172,,weapon_smg,WEAPON_SMG_PPSH,smg_ppsh_upgraded,,t7_icon_weapon_smg_ppsh,WEAPON_SMG_PPSH,reflex acog dualoptic holo reddot quickdraw grip stalker steadyaim fastreload extbarrel rf gmod6 gmod7,172,100,,-1,primary,100,,,,4,,,
173,,weapon_special,WEAPON_SKULL_GUN,skull_gun_upgraded,,menu_mp_weapons_dg2,WEAPON_SKULL_GUN,,173,100,,-1,primary,100,,,,4,,,
178,,weapon_lmg,WEAPON_LMG_RPK,lmg_rpk_upgraded,,t7_icon_weapon_lmg_rpk,WEAPON_LMG_RPK_DESC,reflex acog dualoptic holo ir reddot quickdraw grip stalker steadyaim fastreload rf gmod6 gmod7,6,0,,-1,primary,,,,,10,,,
179,,weapon_assault,WEAPON_AR_M14,ar_m14_upgraded,,t7_icon_weapon_ar_m14,WEAPON_AR_M14_DESC,acog damage dualoptic_upgraded extbarrel_ar_power_upgraded fastreload_dualmag grip holo ir quickdraw reflex reddot rf_upgraded stalker steadyaim suppressed_ar,16,0,,-1,primary,,,,,11,,,
190,,bubblegum,zmui_bgb_tone_death,zm_bgb_tone_death,60,t7_hud_zm_bgb_tone_death,zmui_bgb_tone_death_desc,,19,,,1,equippedbubblegumpack,,dlc5,0,1,8,,event,
191,,bubblegum,zmui_bgb_soda_fountain,zm_bgb_soda_fountain,59,t7_hud_zm_bgb_soda_fountain,zmui_bgb_soda_fountain_desc,,107,,,1,equippedbubblegumpack,,,0,1,8,,event,
192,,bubblegum,zmui_bgb_reign_drops,zm_bgb_reign_drops,58,t7_hud_zm_bgb_reign_drops,zmui_bgb_reign_drops_desc,,206,,,1,equippedbubblegumpack,,,0,1,8,,activated,
193,,bubblegum,zmui_bgb_power_vacuum,zm_bgb_power_vacuum,57,t7_hud_zm_bgb_power_vacuum,zmui_bgb_power_vacuum_desc,,204,,,1,equippedbubblegumpack,,,0,1,8,,round,
194,,bubblegum,zmui_bgb_idle_eyes,zm_bgb_idle_eyes,56,t7_hud_zm_bgb_idle_eyes,zmui_bgb_idle_eyes_desc,,10,,,1,equippedbubblegumpack,,,0,1,8,,activated,
195,,bubblegum,zmui_bgb_flavor_hexed,zm_bgb_flavor_hexed,55,t7_hud_zm_bgb_flavor_hexed,zmui_bgb_flavor_hexed_desc,,9,,,1,equippedbubblegumpack,,,0,1,8,,event,
196,,bubblegum,zmui_bgb_eye_candy,zm_bgb_eye_candy,54,t7_hud_zm_bgb_eye_candy,zmui_bgb_eye_candy_desc,,16,,,1,equippedbubblegumpack,,dlc5,0,1,8,,activated,
197,,bubblegum,zmui_bgb_extra_credit,zm_bgb_extra_credit,53,t7_hud_zm_bgb_extra_credit,zmui_bgb_extra_credit_desc,,103,,,1,equippedbubblegumpack,,,0,1,8,,activated,
198,,weapon_special,WEAPON_TESLA_GUN,tesla_gun_upgraded,,menu_mp_weapons_dg2,WEAPON_TESLA_GUN,,,,,-1,primary,,,,,,,,
200,,weapon_knife,WEAPON_BOWIE,bowie_flourish,,t7_icon_weapon_special_bowie,WEAPON_BOWIE_DESC,,200,0,,-1,secondary,,,,1,,,,
a0,b1,c2,d3,e4,f5,g6,h7,i8,j9,k10,l11,m12,n13,o14,p15,q16,r17,s18,t19,u20,
201,,bubblegum,zmui_bgb_alchemical_antithesis,zm_bgb_alchemical_antithesis,10,t7_hud_zm_bgb_alchemical_antithesis,zmui_bgb_alchemical_antithesis_desc,,15,,,1,equippedbubblegumpack,,,0,1,,,activated,
202,,bubblegum,zmui_bgb_always_done_swiftly,zm_bgb_always_done_swiftly,16,t7_hud_zm_bgb_always_done_swiftly,zmui_bgb_always_done_swiftly_desc,,1,,,1,equippedbubblegumpack,,,0,0,,,round,
203,,bubblegum,zmui_bgb_anywhere_but_here,zm_bgb_anywhere_but_here,18,t7_hud_zm_bgb_anywhere_but_here,zmui_bgb_anywhere_but_here_desc,,8,,,1,equippedbubblegumpack,,,0,1,,,activated,
204,,bubblegum,zmui_bgb_armamental_accomplishment,zm_bgb_armamental_accomplishment,19,t7_hud_zm_bgb_armamental_accomplishment,zmui_bgb_armamental_accomplishment_desc,,10,,,1,equippedbubblegumpack,,,0,1,,,round,
205,,bubblegum,zmui_bgb_arms_grace,zm_bgb_arms_grace,34,t7_hud_zm_bgb_arms_grace,zmui_bgb_arms_grace_desc,,2,,,1,equippedbubblegumpack,,,0,0,,,event,
206,,bubblegum,zmui_bgb_arsenal_accelerator,zm_bgb_arsenal_accelerator,21,t7_hud_zm_bgb_arsenal_accelerator,zmui_bgb_arsenal_accelerator_desc,,12,,,1,equippedbubblegumpack,,,0,1,,,time,
207,,bubblegum,zmui_bgb_coagulant,zm_bgb_coagulant,26,t7_hud_zm_bgb_coagulant,zmui_bgb_coagulant_desc,,3,,,1,equippedbubblegumpack,,,0,0,,,time,
208,,bubblegum,zmui_bgb_danger_closest,zm_bgb_danger_closest,17,t7_hud_zm_bgb_danger_closest,zmui_bgb_danger_closest_desc,,9,,,1,equippedbubblegumpack,,,0,1,,,round,
209,,bubblegum,zmui_bgb_firing_on_all_cylinders,zm_bgb_firing_on_all_cylinders,9,t7_hud_zm_bgb_firing_on_all_cylinders,zmui_bgb_firing_on_all_cylinders_desc,,11,,,1,equippedbubblegumpack,,,0,1,,,round,
210,,bubblegum,zmui_bgb_impatient,zm_bgb_impatient,35,t7_hud_zm_bgb_impatient,zmui_bgb_impatient_desc,,6,,,1,equippedbubblegumpack,,,0,1,,,event,
211,,bubblegum,zmui_bgb_in_plain_sight,zm_bgb_in_plain_sight,2,t7_hud_zm_bgb_in_plain_sight,zmui_bgb_in_plain_sight_desc,,4,,,1,equippedbubblegumpack,,,0,0,,,activated,
212,,bubblegum,zmui_bgb_lucky_crit,zm_bgb_lucky_crit,36,t7_hud_zm_bgb_lucky_crit,zmui_bgb_lucky_crit_desc,,13,,,1,equippedbubblegumpack,,,0,1,,,round,
213,,bubblegum,zmui_bgb_now_you_see_me,zm_bgb_now_you_see_me,37,t7_hud_zm_bgb_now_you_see_me,zmui_bgb_now_you_see_me_desc,,14,,,1,equippedbubblegumpack,,,0,1,,,activated,
214,,bubblegum,zmui_bgb_stock_option,zm_bgb_stock_option,22,t7_hud_zm_bgb_stock_option,zmui_bgb_stock_option_desc,,5,,,1,equippedbubblegumpack,,,0,0,,,time,
215,,bubblegum,zmui_bgb_sword_flay,zm_bgb_sword_flay,6,t7_hud_zm_bgb_sword_flay,zmui_bgb_sword_flay_desc,,7,,,1,equippedbubblegumpack,,,0,1,,,time,
216,,bubblegum,zmui_bgb_aftertaste,zm_bgb_aftertaste,23,t7_hud_zm_bgb_aftertaste,zmui_bgb_aftertaste_desc,,0,,,1,equippedbubblegumpack,,,0,1,,,round,
217,,bubblegum,zmui_bgb_burned_out,zm_bgb_burned_out,3,t7_hud_zm_bgb_burned_out,zmui_bgb_burned_out_desc,,3,,,1,equippedbubblegumpack,,,0,1,,,event,
218,,bubblegum,zmui_bgb_cache_back,zm_bgb_cache_back,38,t7_hud_zm_bgb_cache_back,zmui_bgb_cache_back_desc,,101,,,1,equippedbubblegumpack,,,0,1,,,activated,
219,,bubblegum,zmui_bgb_dead_of_nuclear_winter,zm_bgb_dead_of_nuclear_winter,4,t7_hud_zm_bgb_dead_of_nuclear_winter,zmui_bgb_dead_of_nuclear_winter_desc,,5,,,1,equippedbubblegumpack,,,0,1,,,activated,
220,,bubblegum,zmui_bgb_ephemeral_enhancement,zm_bgb_ephemeral_enhancement,20,t7_hud_zm_bgb_ephemeral_enhancement,zmui_bgb_ephemeral_enhancement_desc,,7,,,1,equippedbubblegumpack,,,0,1,,,activated,
221,,bubblegum,zmui_bgb_im_feelin_lucky,zm_bgb_im_feelin_lucky,7,t7_hud_zm_bgb_im_feelin_lucky,zmui_bgb_im_feelin_lucky_desc,,11,,,1,equippedbubblegumpack,,,0,1,,,activated,
222,,bubblegum,zmui_bgb_immolation_liquidation,zm_bgb_immolation_liquidation,15,t7_hud_zm_bgb_immolation_liquidation,zmui_bgb_immolation_liquidation_desc,,12,,,1,equippedbubblegumpack,,,0,1,,,activated,
223,,bubblegum,zmui_bgb_kill_joy,zm_bgb_kill_joy,1,t7_hud_zm_bgb_kill_joy,zmui_bgb_kill_joy_desc,,105,,,1,equippedbubblegumpack,,,0,1,,,activated,
224,,bubblegum,zmui_bgb_killing_time,zm_bgb_killing_time,39,t7_hud_zm_bgb_killing_time,zmui_bgb_killing_time_desc,,201,,,1,equippedbubblegumpack,,,0,1,,,activated,
225,,bubblegum,zmui_bgb_licensed_contractor,zm_bgb_licensed_contractor,40,t7_hud_zm_bgb_licensed_contractor,zmui_bgb_licensed_contractor_desc,,13,,,1,equippedbubblegumpack,,,0,1,,,activated,
226,,bubblegum,zmui_bgb_on_the_house,zm_bgb_on_the_house,41,t7_hud_zm_bgb_on_the_house,zmui_bgb_on_the_house_desc,,106,,,1,equippedbubblegumpack,,,0,1,,,activated,
227,,bubblegum,zmui_bgb_perkaholic,zm_bgb_perkaholic,27,t7_hud_zm_bgb_perkaholic,zmui_bgb_perkaholic_desc,,203,,,1,equippedbubblegumpack,,,0,1,,,event,
228,,bubblegum,zmui_bgb_phoenix_up,zm_bgb_phoenix_up,28,t7_hud_zm_bgb_phoenix_up,zmui_bgb_phoenix_up_desc,,15,,,1,equippedbubblegumpack,,,0,1,,,activated,
229,,bubblegum,zmui_bgb_pop_shocks,zm_bgb_pop_shocks,29,t7_hud_zm_bgb_pop_shocks,zmui_bgb_pop_shocks_desc,,16,,,1,equippedbubblegumpack,,,0,1,,,event,
230,,bubblegum,zmui_bgb_respin_cycle,zm_bgb_respin_cycle,30,t7_hud_zm_bgb_respin_cycle,zmui_bgb_respin_cycle_desc,,17,,,1,equippedbubblegumpack,,,0,1,,,activated,
231,,bubblegum,zmui_bgb_unquenchable,zm_bgb_unquenchable,31,t7_hud_zm_bgb_unquenchable,zmui_bgb_unquenchable_desc,,20,,,1,equippedbubblegumpack,,,0,1,,,event,
232,,bubblegum,zmui_bgb_wall_power,zm_bgb_wall_power,32,t7_hud_zm_bgb_wall_power,zmui_bgb_wall_power_desc,,110,,,1,equippedbubblegumpack,,,0,1,,,event,
233,,bubblegum,zmui_bgb_whos_keeping_score,zm_bgb_whos_keeping_score,33,t7_hud_zm_bgb_whos_keeping_score,zmui_bgb_whos_keeping_score_desc,,21,,,1,equippedbubblegumpack,,,0,1,,,activated,
234,,bubblegum,zmui_bgb_crawl_space,zm_bgb_crawl_space,43,t7_hud_zm_bgb_crawl_space,zmui_bgb_crawl_space_desc,,4,,,1,equippedbubblegumpack,,,0,1,2,,activated,
235,,bubblegum,zmui_bgb_fatal_contraption,zm_bgb_fatal_contraption,69,t7_hud_zm_bgb_fatal_contraption,zmui_bgb_fatal_contraption_desc,,8,,,1,equippedbubblegumpack,,,0,1,2,,activated,
236,,bubblegum,zmui_bgb_head_drama,zm_bgb_head_drama,70,t7_hud_zm_bgb_head_drama,zmui_bgb_head_drama_desc,,200,,,1,equippedbubblegumpack,,,0,1,2,,round,
237,,bubblegum,zmui_bgb_undead_man_walking,zm_bgb_undead_man_walking,71,t7_hud_zm_bgb_undead_man_walking,zmui_bgb_undead_man_walking_desc,,109,,,1,equippedbubblegumpack,,,0,1,2,,time,
238,,bubblegum,zmui_bgb_fear_in_headlights,zm_bgb_fear_in_headlights,72,t7_hud_zm_bgb_fear_in_headlights,zmui_bgb_fear_in_headlights_desc,,104,,,1,equippedbubblegumpack,,,0,1,5,,activated,
239,,bubblegum,zmui_bgb_secret_shopper,zm_bgb_secret_shopper,24,t7_hud_zm_bgb_secret_shopper,zmui_bgb_secret_shopper_desc,,208,,,1,equippedbubblegumpack,,,0,1,5,,time,
240,,bubblegum,zmui_bgb_temporal_gift,zm_bgb_temporal_gift,25,t7_hud_zm_bgb_temporal_gift,zmui_bgb_temporal_gift_desc,,108,,,1,equippedbubblegumpack,,,0,1,5,,round,
241,,bubblegum,zmui_bgb_unbearable,zm_bgb_unbearable,73,t7_hud_zm_bgb_unbearable,zmui_bgb_unbearable_desc,,19,,,1,equippedbubblegumpack,,,0,1,5,,event,
242,,bubblegum,zmui_bgb_crate_power,zm_bgb_crate_power,42,t7_hud_zm_bgb_crate_power,zmui_bgb_crate_power_desc,,102,,,1,equippedbubblegumpack,,,0,1,6,,event,
243,,bubblegum,zmui_bgb_disorderly_combat,zm_bgb_disorderly_combat,74,t7_hud_zm_bgb_disorderly_combat,zmui_bgb_disorderly_combat_desc,,6,,,1,equippedbubblegumpack,,,0,1,6,,time,
244,,bubblegum,zmui_bgb_projectile_vomiting,zm_bgb_projectile_vomiting,14,t7_hud_zm_bgb_projectile_vomiting,zmui_bgb_projectile_vomiting_desc,,18,,,1,equippedbubblegumpack,,dlc3,0,1,6,,round,
245,,bubblegum,zmui_bgb_shopping_free,zm_bgb_shopping_free,12,t7_hud_zm_bgb_shopping_free,zmui_bgb_shopping_free_desc,,210,,,1,equippedbubblegumpack,,,0,1,6,,time,
246,,bubblegum,zmui_bgb_slaughter_slide,zm_bgb_slaughter_slide,13,t7_hud_zm_bgb_slaughter_slide,zmui_bgb_slaughter_slide_desc,,18,,,1,equippedbubblegumpack,,,0,1,6,,event,
247,,bubblegum,zmui_bgb_bullet_boost,zm_bgb_bullet_boost,44,t7_hud_zm_bgb_bullet_boost,zmui_bgb_bullet_boost_desc,,100,,,1,equippedbubblegumpack,,,0,1,7,,activated,
248,,bubblegum,zmui_bgb_mind_blown,zm_bgb_mind_blown,45,t7_hud_zm_bgb_mind_blown,zmui_bgb_mind_blown_desc,,14,,,1,equippedbubblegumpack,,,0,1,7,,activated,
249,,bubblegum,zmui_bgb_near_death_experience,zm_bgb_near_death_experience,46,t7_hud_zm_bgb_near_death_experience,zmui_bgb_near_death_experience_desc,,202,,,1,equippedbubblegumpack,,,0,1,7,,round,
250,,bubblegum,zmui_bgb_newtonian_negation,zm_bgb_newtonian_negation,47,t7_hud_zm_bgb_newtonian_negation,zmui_bgb_newtonian_negation_desc,,17,,,1,equippedbubblegumpack,,dlc4,0,1,7,,time,
251,,bubblegum,zmui_bgb_profit_sharing,zm_bgb_profit_sharing,48,t7_hud_zm_bgb_profit_sharing,zmui_bgb_profit_sharing_desc,,205,,,1,equippedbubblegumpack,,,0,1,7,,time,
252,,bubblegum,zmui_bgb_round_robbin,zm_bgb_round_robbin,49,t7_hud_zm_bgb_round_robbin,zmui_bgb_round_robbin_desc,,207,,,1,equippedbubblegumpack,,,0,1,7,,activated,
253,,bubblegum,zmui_bgb_self_medication,zm_bgb_self_medication,50,t7_hud_zm_bgb_self_medication,zmui_bgb_self_medication_desc,,209,,,1,equippedbubblegumpack,,,0,1,7,,event,
254,,bubblegum,zmui_bgb_board_games,zm_bgb_board_games,51,t7_hud_zm_bgb_board_games,zmui_bgb_board_games_desc,,1,,,1,equippedbubblegumpack,,,0,1,8,,round,
255,,bubblegum,zmui_bgb_board_to_death,zm_bgb_board_to_death,52,t7_hud_zm_bgb_board_to_death,zmui_bgb_board_to_death_desc,,2,,,1,equippedbubblegumpack,,,0,1,8,,time,
